source,native,name,p_value,significant,description,term_size,query_size,intersection_size,effective_domain_size,precision,recall,query,parents,intersections,evidences
REAC,REAC:R-HSA-156842,Eukaryotic Translation Elongation,5.772542872590577e-12,True,Eukaryotic Translation Elongation,94,34,10,10916,0.29411764705882354,0.10638297872340426,query_1,['REAC:R-HSA-72766'],"['RPS3', 'RPS29', 'RPL3', 'RPS12', 'RPS25', 'RPL23A', 'RPS27', 'RPSA', 'RPS18', 'RPS21']","[['REAC'], ['REAC'], ['REAC'], ['REAC'], ['REAC'], ['REAC'], ['REAC'], ['REAC'], ['REAC'], ['REAC']]"
REAC,REAC:R-HSA-192823,Viral mRNA Translation,5.772542872590577e-12,True,Viral mRNA Translation,90,34,10,10916,0.29411764705882354,0.1111111111111111,query_1,['REAC:R-HSA-168273'],"['RPS3', 'RPS29', 'RPL3', 'RPS12', 'RPS25', 'RPL23A', 'RPS27', 'RPSA', 'RPS18', 'RPS21']","[['REAC'], ['REAC'], ['REAC'], ['REAC'], ['REAC'], ['REAC'], ['REAC'], ['REAC'], ['REAC'], ['REAC']]"
REAC,REAC:R-HSA-2408557,Selenocysteine synthesis,5.772542872590577e-12,True,Selenocysteine synthesis,94,34,10,10916,0.29411764705882354,0.10638297872340426,query_1,['REAC:R-HSA-2408522'],"['RPS3', 'RPS29', 'RPL3', 'RPS12', 'RPS25', 'RPL23A', 'RPS27', 'RPSA', 'RPS18', 'RPS21']","[['REAC'], ['REAC'], ['REAC'], ['REAC'], ['REAC'], ['REAC'], ['REAC'], ['REAC'], ['REAC'], ['REAC']]"
REAC,REAC:R-HSA-156902,Peptide chain elongation,5.772542872590577e-12,True,Peptide chain elongation,90,34,10,10916,0.29411764705882354,0.1111111111111111,query_1,['REAC:R-HSA-156842'],"['RPS3', 'RPS29', 'RPL3', 'RPS12', 'RPS25', 'RPL23A', 'RPS27', 'RPSA', 'RPS18', 'RPS21']","[['REAC'], ['REAC'], ['REAC'], ['REAC'], ['REAC'], ['REAC'], ['REAC'], ['REAC'], ['REAC'], ['REAC']]"
REAC,REAC:R-HSA-72764,Eukaryotic Translation Termination,5.772542872590577e-12,True,Eukaryotic Translation Termination,94,34,10,10916,0.29411764705882354,0.10638297872340426,query_1,['REAC:R-HSA-72766'],"['RPS3', 'RPS29', 'RPL3', 'RPS12', 'RPS25', 'RPL23A', 'RPS27', 'RPSA', 'RPS18', 'RPS21']","[['REAC'], ['REAC'], ['REAC'], ['REAC'], ['REAC'], ['REAC'], ['REAC'], ['REAC'], ['REAC'], ['REAC']]"
REAC,REAC:R-HSA-9735869,SARS-CoV-1 modulates host translation machinery,5.772542872590577e-12,True,SARS-CoV-1 modulates host translation machinery,37,34,8,10916,0.23529411764705882,0.21621621621621623,query_1,['REAC:R-HSA-9692914'],"['RPS3', 'RPS29', 'RPS12', 'RPS25', 'RPS27', 'RPSA', 'RPS18', 'RPS21']","[['REAC'], ['REAC'], ['REAC'], ['REAC'], ['REAC'], ['REAC'], ['REAC'], ['REAC']]"
REAC,REAC:R-HSA-975956,Nonsense Mediated Decay (NMD) independent of the Exon Junction Complex (EJC),6.148207419861145e-12,True,Nonsense Mediated Decay (NMD) independent of the Exon Junction Complex (EJC),96,34,10,10916,0.29411764705882354,0.10416666666666667,query_1,['REAC:R-HSA-927802'],"['RPS3', 'RPS29', 'RPL3', 'RPS12', 'RPS25', 'RPL23A', 'RPS27', 'RPSA', 'RPS18', 'RPS21']","[['REAC'], ['REAC'], ['REAC'], ['REAC'], ['REAC'], ['REAC'], ['REAC'], ['REAC'], ['REAC'], ['REAC']]"
REAC,REAC:R-HSA-72689,Formation of a pool of free 40S subunits,8.921657293298845e-12,True,Formation of a pool of free 40S subunits,102,34,10,10916,0.29411764705882354,0.09803921568627451,query_1,['REAC:R-HSA-72737'],"['RPS3', 'RPS29', 'RPL3', 'RPS12', 'RPS25', 'RPL23A', 'RPS27', 'RPSA', 'RPS18', 'RPS21']","[['REAC'], ['REAC'], ['REAC'], ['REAC'], ['REAC'], ['REAC'], ['REAC'], ['REAC'], ['REAC'], ['REAC']]"
REAC,REAC:R-HSA-9633012,Response of EIF2AK4 (GCN2) to amino acid deficiency,8.921657293298845e-12,True,Response of EIF2AK4 (GCN2) to amino acid deficiency,102,34,10,10916,0.29411764705882354,0.09803921568627451,query_1,['REAC:R-HSA-9711097'],"['RPS3', 'RPS29', 'RPL3', 'RPS12', 'RPS25', 'RPL23A', 'RPS27', 'RPSA', 'RPS18', 'RPS21']","[['REAC'], ['REAC'], ['REAC'], ['REAC'], ['REAC'], ['REAC'], ['REAC'], ['REAC'], ['REAC'], ['REAC']]"
REAC,REAC:R-HSA-1799339,SRP-dependent cotranslational protein targeting to membrane,1.9076201105716508e-11,True,SRP-dependent cotranslational protein targeting to membrane,113,34,10,10916,0.29411764705882354,0.08849557522123894,query_1,['REAC:R-HSA-72766'],"['RPS3', 'RPS29', 'RPL3', 'RPS12', 'RPS25', 'RPL23A', 'RPS27', 'RPSA', 'RPS18', 'RPS21']","[['REAC'], ['REAC'], ['REAC'], ['REAC'], ['REAC'], ['REAC'], ['REAC'], ['REAC'], ['REAC'], ['REAC']]"
REAC,REAC:R-HSA-156827,L13a-mediated translational silencing of Ceruloplasmin expression,1.9076201105716508e-11,True,L13a-mediated translational silencing of Ceruloplasmin expression,112,34,10,10916,0.29411764705882354,0.08928571428571429,query_1,['REAC:R-HSA-72613'],"['RPS3', 'RPS29', 'RPL3', 'RPS12', 'RPS25', 'RPL23A', 'RPS27', 'RPSA', 'RPS18', 'RPS21']","[['REAC'], ['REAC'], ['REAC'], ['REAC'], ['REAC'], ['REAC'], ['REAC'], ['REAC'], ['REAC'], ['REAC']]"
REAC,REAC:R-HSA-72706,GTP hydrolysis and joining of the 60S ribosomal subunit,1.9076201105716508e-11,True,GTP hydrolysis and joining of the 60S ribosomal subunit,113,34,10,10916,0.29411764705882354,0.08849557522123894,query_1,['REAC:R-HSA-72737'],"['RPS3', 'RPS29', 'RPL3', 'RPS12', 'RPS25', 'RPL23A', 'RPS27', 'RPSA', 'RPS18', 'RPS21']","[['REAC'], ['REAC'], ['REAC'], ['REAC'], ['REAC'], ['REAC'], ['REAC'], ['REAC'], ['REAC'], ['REAC']]"
REAC,REAC:R-HSA-927802,Nonsense-Mediated Decay (NMD),2.1352555083339882e-11,True,Nonsense-Mediated Decay (NMD),116,34,10,10916,0.29411764705882354,0.08620689655172414,query_1,['REAC:R-HSA-8953854'],"['RPS3', 'RPS29', 'RPL3', 'RPS12', 'RPS25', 'RPL23A', 'RPS27', 'RPSA', 'RPS18', 'RPS21']","[['REAC'], ['REAC'], ['REAC'], ['REAC'], ['REAC'], ['REAC'], ['REAC'], ['REAC'], ['REAC'], ['REAC']]"
REAC,REAC:R-HSA-975957,Nonsense Mediated Decay (NMD) enhanced by the Exon Junction Complex (EJC),2.1352555083339882e-11,True,Nonsense Mediated Decay (NMD) enhanced by the Exon Junction Complex (EJC),116,34,10,10916,0.29411764705882354,0.08620689655172414,query_1,['REAC:R-HSA-927802'],"['RPS3', 'RPS29', 'RPL3', 'RPS12', 'RPS25', 'RPL23A', 'RPS27', 'RPSA', 'RPS18', 'RPS21']","[['REAC'], ['REAC'], ['REAC'], ['REAC'], ['REAC'], ['REAC'], ['REAC'], ['REAC'], ['REAC'], ['REAC']]"
REAC,REAC:R-HSA-2408522,Selenoamino acid metabolism,2.1747672504726988e-11,True,Selenoamino acid metabolism,117,34,10,10916,0.29411764705882354,0.08547008547008547,query_1,['REAC:R-HSA-71291'],"['RPS3', 'RPS29', 'RPL3', 'RPS12', 'RPS25', 'RPL23A', 'RPS27', 'RPSA', 'RPS18', 'RPS21']","[['REAC'], ['REAC'], ['REAC'], ['REAC'], ['REAC'], ['REAC'], ['REAC'], ['REAC'], ['REAC'], ['REAC']]"
REAC,REAC:R-HSA-72737,Cap-dependent Translation Initiation,2.4819570632240798e-11,True,Cap-dependent Translation Initiation,120,34,10,10916,0.29411764705882354,0.08333333333333333,query_1,['REAC:R-HSA-72613'],"['RPS3', 'RPS29', 'RPL3', 'RPS12', 'RPS25', 'RPL23A', 'RPS27', 'RPSA', 'RPS18', 'RPS21']","[['REAC'], ['REAC'], ['REAC'], ['REAC'], ['REAC'], ['REAC'], ['REAC'], ['REAC'], ['REAC'], ['REAC']]"
REAC,REAC:R-HSA-72613,Eukaryotic Translation Initiation,2.4819570632240798e-11,True,Eukaryotic Translation Initiation,120,34,10,10916,0.29411764705882354,0.08333333333333333,query_1,['REAC:R-HSA-72766'],"['RPS3', 'RPS29', 'RPL3', 'RPS12', 'RPS25', 'RPL23A', 'RPS27', 'RPSA', 'RPS18', 'RPS21']","[['REAC'], ['REAC'], ['REAC'], ['REAC'], ['REAC'], ['REAC'], ['REAC'], ['REAC'], ['REAC'], ['REAC']]"
REAC,REAC:R-HSA-9754678,SARS-CoV-2 modulates host translation machinery,2.6800120003354704e-11,True,SARS-CoV-2 modulates host translation machinery,51,34,8,10916,0.23529411764705882,0.1568627450980392,query_1,['REAC:R-HSA-9705683'],"['RPS3', 'RPS29', 'RPS12', 'RPS25', 'RPS27', 'RPSA', 'RPS18', 'RPS21']","[['REAC'], ['REAC'], ['REAC'], ['REAC'], ['REAC'], ['REAC'], ['REAC'], ['REAC']]"
REAC,REAC:R-HSA-72695,"Formation of the ternary complex, and subsequently, the 43S complex",2.9942149085270096e-11,True,"Formation of the ternary complex, and subsequently, the 43S complex",52,34,8,10916,0.23529411764705882,0.15384615384615385,query_1,['REAC:R-HSA-72737'],"['RPS3', 'RPS29', 'RPS12', 'RPS25', 'RPS27', 'RPSA', 'RPS18', 'RPS21']","[['REAC'], ['REAC'], ['REAC'], ['REAC'], ['REAC'], ['REAC'], ['REAC'], ['REAC']]"
REAC,REAC:R-HSA-168273,Influenza Viral RNA Transcription and Replication,5.974315569866925e-11,True,Influenza Viral RNA Transcription and Replication,133,34,10,10916,0.29411764705882354,0.07518796992481203,query_1,['REAC:R-HSA-168255'],"['RPS3', 'RPS29', 'RPL3', 'RPS12', 'RPS25', 'RPL23A', 'RPS27', 'RPSA', 'RPS18', 'RPS21']","[['REAC'], ['REAC'], ['REAC'], ['REAC'], ['REAC'], ['REAC'], ['REAC'], ['REAC'], ['REAC'], ['REAC']]"
REAC,REAC:R-HSA-72702,Ribosomal scanning and start codon recognition,7.507210046416129e-11,True,Ribosomal scanning and start codon recognition,59,34,8,10916,0.23529411764705882,0.13559322033898305,query_1,['REAC:R-HSA-72737'],"['RPS3', 'RPS29', 'RPS12', 'RPS25', 'RPS27', 'RPSA', 'RPS18', 'RPS21']","[['REAC'], ['REAC'], ['REAC'], ['REAC'], ['REAC'], ['REAC'], ['REAC'], ['REAC']]"
REAC,REAC:R-HSA-72649,Translation initiation complex formation,7.507210046416129e-11,True,Translation initiation complex formation,59,34,8,10916,0.23529411764705882,0.13559322033898305,query_1,['REAC:R-HSA-72662'],"['RPS3', 'RPS29', 'RPS12', 'RPS25', 'RPS27', 'RPSA', 'RPS18', 'RPS21']","[['REAC'], ['REAC'], ['REAC'], ['REAC'], ['REAC'], ['REAC'], ['REAC'], ['REAC']]"
REAC,REAC:R-HSA-72662,"Activation of the mRNA upon binding of the cap-binding complex and eIFs, and subsequent binding to 43S",8.10599597082821e-11,True,"Activation of the mRNA upon binding of the cap-binding complex and eIFs, and subsequent binding to 43S",60,34,8,10916,0.23529411764705882,0.13333333333333333,query_1,['REAC:R-HSA-72737'],"['RPS3', 'RPS29', 'RPS12', 'RPS25', 'RPS27', 'RPSA', 'RPS18', 'RPS21']","[['REAC'], ['REAC'], ['REAC'], ['REAC'], ['REAC'], ['REAC'], ['REAC'], ['REAC']]"
REAC,REAC:R-HSA-9692914,SARS-CoV-1-host interactions,8.10599597082821e-11,True,SARS-CoV-1-host interactions,95,34,9,10916,0.2647058823529412,0.09473684210526316,query_1,['REAC:R-HSA-9678108'],"['RPS3', 'RPS29', 'RPS12', 'RPS25', 'RPS27', 'RPSA', 'RPS18', 'RPS21', 'NPM1']","[['REAC'], ['REAC'], ['REAC'], ['REAC'], ['REAC'], ['REAC'], ['REAC'], ['REAC'], ['REAC']]"
REAC,REAC:R-HSA-168255,Influenza Infection,1.951346891889452e-10,True,Influenza Infection,153,34,10,10916,0.29411764705882354,0.06535947712418301,query_1,['REAC:R-HSA-9824446'],"['RPS3', 'RPS29', 'RPL3', 'RPS12', 'RPS25', 'RPL23A', 'RPS27', 'RPSA', 'RPS18', 'RPS21']","[['REAC'], ['REAC'], ['REAC'], ['REAC'], ['REAC'], ['REAC'], ['REAC'], ['REAC'], ['REAC'], ['REAC']]"
REAC,REAC:R-HSA-376176,Signaling by ROBO receptors,2.4062188220183003e-10,True,Signaling by ROBO receptors,217,34,11,10916,0.3235294117647059,0.05069124423963134,query_1,['REAC:R-HSA-422475'],"['RPS3', 'RPS29', 'RPL3', 'EVL', 'RPS12', 'RPS25', 'RPL23A', 'RPS27', 'RPSA', 'RPS18', 'RPS21']","[['REAC'], ['REAC'], ['REAC'], ['REAC'], ['REAC'], ['REAC'], ['REAC'], ['REAC'], ['REAC'], ['REAC'], ['REAC']]"
REAC,REAC:R-HSA-9711097,Cellular response to starvation,2.4062188220183003e-10,True,Cellular response to starvation,157,34,10,10916,0.29411764705882354,0.06369426751592357,query_1,['REAC:R-HSA-2262752'],"['RPS3', 'RPS29', 'RPL3', 'RPS12', 'RPS25', 'RPL23A', 'RPS27', 'RPSA', 'RPS18', 'RPS21']","[['REAC'], ['REAC'], ['REAC'], ['REAC'], ['REAC'], ['REAC'], ['REAC'], ['REAC'], ['REAC'], ['REAC']]"
REAC,REAC:R-HSA-9010553,Regulation of expression of SLITs and ROBOs,5.276497302970872e-10,True,Regulation of expression of SLITs and ROBOs,171,34,10,10916,0.29411764705882354,0.05847953216374269,query_1,['REAC:R-HSA-376176'],"['RPS3', 'RPS29', 'RPL3', 'RPS12', 'RPS25', 'RPL23A', 'RPS27', 'RPSA', 'RPS18', 'RPS21']","[['REAC'], ['REAC'], ['REAC'], ['REAC'], ['REAC'], ['REAC'], ['REAC'], ['REAC'], ['REAC'], ['REAC']]"
REAC,REAC:R-HSA-6791226,Major pathway of rRNA processing in the nucleolus and cytosol,9.448233141148723e-10,True,Major pathway of rRNA processing in the nucleolus and cytosol,182,34,10,10916,0.29411764705882354,0.054945054945054944,query_1,['REAC:R-HSA-8868773'],"['RPS3', 'RPS29', 'RPL3', 'RPS12', 'RPS25', 'RPL23A', 'RPS27', 'RPSA', 'RPS18', 'RPS21']","[['REAC'], ['REAC'], ['REAC'], ['REAC'], ['REAC'], ['REAC'], ['REAC'], ['REAC'], ['REAC'], ['REAC']]"
REAC,REAC:R-HSA-8868773,rRNA processing in the nucleus and cytosol,1.5485129089989264e-09,True,rRNA processing in the nucleus and cytosol,192,34,10,10916,0.29411764705882354,0.052083333333333336,query_1,['REAC:R-HSA-72312'],"['RPS3', 'RPS29', 'RPL3', 'RPS12', 'RPS25', 'RPL23A', 'RPS27', 'RPSA', 'RPS18', 'RPS21']","[['REAC'], ['REAC'], ['REAC'], ['REAC'], ['REAC'], ['REAC'], ['REAC'], ['REAC'], ['REAC'], ['REAC']]"
REAC,REAC:R-HSA-9678108,SARS-CoV-1 Infection,2.1299730548847964e-09,True,SARS-CoV-1 Infection,140,34,9,10916,0.2647058823529412,0.06428571428571428,query_1,['REAC:R-HSA-9679506'],"['RPS3', 'RPS29', 'RPS12', 'RPS25', 'RPS27', 'RPSA', 'RPS18', 'RPS21', 'NPM1']","[['REAC'], ['REAC'], ['REAC'], ['REAC'], ['REAC'], ['REAC'], ['REAC'], ['REAC'], ['REAC']]"
REAC,REAC:R-HSA-72312,rRNA processing,2.392148288953643e-09,True,rRNA processing,202,34,10,10916,0.29411764705882354,0.04950495049504951,query_1,['REAC:R-HSA-8953854'],"['RPS3', 'RPS29', 'RPL3', 'RPS12', 'RPS25', 'RPL23A', 'RPS27', 'RPSA', 'RPS18', 'RPS21']","[['REAC'], ['REAC'], ['REAC'], ['REAC'], ['REAC'], ['REAC'], ['REAC'], ['REAC'], ['REAC'], ['REAC']]"
REAC,REAC:R-HSA-202433,Generation of second messenger molecules,6.02937524757204e-09,True,Generation of second messenger molecules,35,34,6,10916,0.17647058823529413,0.17142857142857143,query_1,['REAC:R-HSA-202403'],"['CD3E', 'CD3D', 'LCK', 'CD3G', 'EVL', 'LAT']","[['REAC'], ['REAC'], ['REAC'], ['REAC'], ['REAC'], ['REAC']]"
REAC,REAC:R-HSA-72766,Translation,8.014658914953152e-08,True,Translation,292,34,10,10916,0.29411764705882354,0.03424657534246575,query_1,['REAC:R-HSA-392499'],"['RPS3', 'RPS29', 'RPL3', 'RPS12', 'RPS25', 'RPL23A', 'RPS27', 'RPSA', 'RPS18', 'RPS21']","[['REAC'], ['REAC'], ['REAC'], ['REAC'], ['REAC'], ['REAC'], ['REAC'], ['REAC'], ['REAC'], ['REAC']]"
REAC,REAC:R-HSA-422475,Axon guidance,3.0030551104999897e-07,True,Axon guidance,549,34,12,10916,0.35294117647058826,0.02185792349726776,query_1,['REAC:R-HSA-9675108'],"['RPS3', 'RPS29', 'RPL3', 'EVL', 'RPS12', 'RPS25', 'RPL23A', 'RPS27', 'RPSA', 'RPS18', 'RPS21', 'HSPA8']","[['REAC'], ['REAC'], ['REAC'], ['REAC'], ['REAC'], ['REAC'], ['REAC'], ['REAC'], ['REAC'], ['REAC'], ['REAC'], ['REAC']]"
REAC,REAC:R-HSA-9675108,Nervous system development,4.771186195506835e-07,True,Nervous system development,574,34,12,10916,0.35294117647058826,0.020905923344947737,query_1,['REAC:R-HSA-1266738'],"['RPS3', 'RPS29', 'RPL3', 'EVL', 'RPS12', 'RPS25', 'RPL23A', 'RPS27', 'RPSA', 'RPS18', 'RPS21', 'HSPA8']","[['REAC'], ['REAC'], ['REAC'], ['REAC'], ['REAC'], ['REAC'], ['REAC'], ['REAC'], ['REAC'], ['REAC'], ['REAC'], ['REAC']]"
REAC,REAC:R-HSA-71291,Metabolism of amino acids and derivatives,6.925220968830131e-07,True,Metabolism of amino acids and derivatives,370,34,10,10916,0.29411764705882354,0.02702702702702703,query_1,['REAC:R-HSA-1430728'],"['RPS3', 'RPS29', 'RPL3', 'RPS12', 'RPS25', 'RPL23A', 'RPS27', 'RPSA', 'RPS18', 'RPS21']","[['REAC'], ['REAC'], ['REAC'], ['REAC'], ['REAC'], ['REAC'], ['REAC'], ['REAC'], ['REAC'], ['REAC']]"
REAC,REAC:R-HSA-9705683,SARS-CoV-2-host interactions,7.111879425310168e-07,True,SARS-CoV-2-host interactions,197,34,8,10916,0.23529411764705882,0.04060913705583756,query_1,['REAC:R-HSA-9694516'],"['RPS3', 'RPS29', 'RPS12', 'RPS25', 'RPS27', 'RPSA', 'RPS18', 'RPS21']","[['REAC'], ['REAC'], ['REAC'], ['REAC'], ['REAC'], ['REAC'], ['REAC'], ['REAC']]"
REAC,REAC:R-HSA-2262752,Cellular responses to stress,1.8154328100665768e-06,True,Cellular responses to stress,792,34,13,10916,0.38235294117647056,0.016414141414141416,query_1,['REAC:R-HSA-8953897'],"['RPS3', 'RPS29', 'RPL3', 'RPS12', 'RPS25', 'RPL23A', 'RPS27', 'RPSA', 'RPS18', 'RPS21', 'HSPA8', 'ETS1', 'RORA']","[['REAC'], ['REAC'], ['REAC'], ['REAC'], ['REAC'], ['REAC'], ['REAC'], ['REAC'], ['REAC'], ['REAC'], ['REAC'], ['REAC'], ['REAC']]"
REAC,REAC:R-HSA-202430,Translocation of ZAP-70 to Immunological synapse,2.091027240973968e-06,True,Translocation of ZAP-70 to Immunological synapse,20,34,4,10916,0.11764705882352941,0.2,query_1,['REAC:R-HSA-202403'],"['CD3E', 'CD3D', 'LCK', 'CD3G']","[['REAC'], ['REAC'], ['REAC'], ['REAC']]"
REAC,REAC:R-HSA-8953897,Cellular responses to stimuli,2.115313262386346e-06,True,Cellular responses to stimuli,806,34,13,10916,0.38235294117647056,0.016129032258064516,query_1,['REAC:0000000'],"['RPS3', 'RPS29', 'RPL3', 'RPS12', 'RPS25', 'RPL23A', 'RPS27', 'RPSA', 'RPS18', 'RPS21', 'HSPA8', 'ETS1', 'RORA']","[['REAC'], ['REAC'], ['REAC'], ['REAC'], ['REAC'], ['REAC'], ['REAC'], ['REAC'], ['REAC'], ['REAC'], ['REAC'], ['REAC'], ['REAC']]"
REAC,REAC:R-HSA-202427,Phosphorylation of CD3 and TCR zeta chains,3.6157402531872334e-06,True,Phosphorylation of CD3 and TCR zeta chains,23,34,4,10916,0.11764705882352941,0.17391304347826086,query_1,['REAC:R-HSA-202403'],"['CD3E', 'CD3D', 'LCK', 'CD3G']","[['REAC'], ['REAC'], ['REAC'], ['REAC']]"
REAC,REAC:R-HSA-389948,Co-inhibition by PD-1,4.228665700660451e-06,True,Co-inhibition by PD-1,24,34,4,10916,0.11764705882352941,0.16666666666666666,query_1,['REAC:R-HSA-388841'],"['CD3E', 'CD3D', 'LCK', 'CD3G']","[['REAC'], ['REAC'], ['REAC'], ['REAC']]"
REAC,REAC:R-HSA-202403,TCR signaling,8.435365880166411e-06,True,TCR signaling,120,34,6,10916,0.17647058823529413,0.05,query_1,['REAC:R-HSA-1280218'],"['CD3E', 'CD3D', 'LCK', 'CD3G', 'EVL', 'LAT']","[['REAC'], ['REAC'], ['REAC'], ['REAC'], ['REAC'], ['REAC']]"
REAC,REAC:R-HSA-9694516,SARS-CoV-2 Infection,1.196091946100391e-05,True,SARS-CoV-2 Infection,292,34,8,10916,0.23529411764705882,0.0273972602739726,query_1,['REAC:R-HSA-9679506'],"['RPS3', 'RPS29', 'RPS12', 'RPS25', 'RPS27', 'RPSA', 'RPS18', 'RPS21']","[['REAC'], ['REAC'], ['REAC'], ['REAC'], ['REAC'], ['REAC'], ['REAC'], ['REAC']]"
REAC,REAC:R-HSA-9824446,Viral Infection Pathways,1.5163690342251605e-05,True,Viral Infection Pathways,810,34,12,10916,0.35294117647058826,0.014814814814814815,query_1,['REAC:R-HSA-5663205'],"['LCK', 'RPS3', 'RPS29', 'RPL3', 'RPS12', 'RPS25', 'RPL23A', 'RPS27', 'RPSA', 'RPS18', 'RPS21', 'NPM1']","[['REAC'], ['REAC'], ['REAC'], ['REAC'], ['REAC'], ['REAC'], ['REAC'], ['REAC'], ['REAC'], ['REAC'], ['REAC'], ['REAC']]"
REAC,REAC:R-HSA-5663205,Infectious disease,2.1397863515708084e-05,True,Infectious disease,1000,34,13,10916,0.38235294117647056,0.013,query_1,['REAC:R-HSA-1643685'],"['LCK', 'RPS3', 'CD3G', 'RPS29', 'RPL3', 'RPS12', 'RPS25', 'RPL23A', 'RPS27', 'RPSA', 'RPS18', 'RPS21', 'NPM1']","[['REAC'], ['REAC'], ['REAC'], ['REAC'], ['REAC'], ['REAC'], ['REAC'], ['REAC'], ['REAC'], ['REAC'], ['REAC'], ['REAC'], ['REAC']]"
REAC,REAC:R-HSA-8953854,Metabolism of RNA,2.7827251558957506e-05,True,Metabolism of RNA,710,34,11,10916,0.3235294117647059,0.015492957746478873,query_1,['REAC:0000000'],"['RPS3', 'RPS29', 'RPL3', 'RPS12', 'RPS25', 'RPL23A', 'RPS27', 'RPSA', 'RPS18', 'RPS21', 'HSPA8']","[['REAC'], ['REAC'], ['REAC'], ['REAC'], ['REAC'], ['REAC'], ['REAC'], ['REAC'], ['REAC'], ['REAC'], ['REAC']]"
REAC,REAC:R-HSA-9679506,SARS-CoV Infections,3.624082735575088e-05,True,SARS-CoV Infections,459,34,9,10916,0.2647058823529412,0.0196078431372549,query_1,['REAC:R-HSA-9824446'],"['RPS3', 'RPS29', 'RPS12', 'RPS25', 'RPS27', 'RPSA', 'RPS18', 'RPS21', 'NPM1']","[['REAC'], ['REAC'], ['REAC'], ['REAC'], ['REAC'], ['REAC'], ['REAC'], ['REAC'], ['REAC']]"
REAC,REAC:R-HSA-1266738,Developmental Biology,0.00018410744699304604,True,Developmental Biology,1225,34,13,10916,0.38235294117647056,0.010612244897959184,query_1,['REAC:0000000'],"['RPS3', 'RPS29', 'RPL3', 'EVL', 'RPS12', 'TCF7', 'RPS25', 'RPL23A', 'RPS27', 'RPSA', 'RPS18', 'RPS21', 'HSPA8']","[['REAC'], ['REAC'], ['REAC'], ['REAC'], ['REAC'], ['REAC'], ['REAC'], ['REAC'], ['REAC'], ['REAC'], ['REAC'], ['REAC'], ['REAC']]"
REAC,REAC:R-HSA-388841,Regulation of T cell activation by CD28 family,0.0002339606437596125,True,Regulation of T cell activation by CD28 family,67,34,4,10916,0.11764705882352941,0.05970149253731343,query_1,['REAC:R-HSA-1280218'],"['CD3E', 'CD3D', 'LCK', 'CD3G']","[['REAC'], ['REAC'], ['REAC'], ['REAC']]"
REAC,REAC:R-HSA-8856828,Clathrin-mediated endocytosis,0.00033405226863003086,True,Clathrin-mediated endocytosis,144,34,5,10916,0.14705882352941177,0.034722222222222224,query_1,['REAC:R-HSA-199991'],"['CD3D', 'CD3G', 'IL7R', 'HSPA8', 'AAK1']","[['REAC'], ['REAC'], ['REAC'], ['REAC'], ['REAC']]"
REAC,REAC:R-HSA-202424,Downstream TCR signaling,0.0009910971272024743,True,Downstream TCR signaling,98,34,4,10916,0.11764705882352941,0.04081632653061224,query_1,['REAC:R-HSA-202403'],"['CD3E', 'CD3D', 'LCK', 'CD3G']","[['REAC'], ['REAC'], ['REAC'], ['REAC']]"
REAC,REAC:R-HSA-8856825,Cargo recognition for clathrin-mediated endocytosis,0.0012219987055107732,True,Cargo recognition for clathrin-mediated endocytosis,104,34,4,10916,0.11764705882352941,0.038461538461538464,query_1,['REAC:R-HSA-8856828'],"['CD3D', 'CD3G', 'IL7R', 'AAK1']","[['REAC'], ['REAC'], ['REAC'], ['REAC']]"
REAC,REAC:R-HSA-1643685,Disease,0.0067271004867088405,True,Disease,1767,34,13,10916,0.38235294117647056,0.007357102433503113,query_1,['REAC:0000000'],"['LCK', 'RPS3', 'CD3G', 'RPS29', 'RPL3', 'RPS12', 'RPS25', 'RPL23A', 'RPS27', 'RPSA', 'RPS18', 'RPS21', 'NPM1']","[['REAC'], ['REAC'], ['REAC'], ['REAC'], ['REAC'], ['REAC'], ['REAC'], ['REAC'], ['REAC'], ['REAC'], ['REAC'], ['REAC'], ['REAC']]"
REAC,REAC:R-HSA-1280215,Cytokine Signaling in Immune system,0.00891571614655783,True,Cytokine Signaling in Immune system,777,34,8,10916,0.23529411764705882,0.010296010296010296,query_1,['REAC:R-HSA-168256'],"['IL32', 'LCK', 'IL7R', 'HSPA8', 'CD27', 'RORA', 'NPM1', 'LTB']","[['REAC'], ['REAC'], ['REAC'], ['REAC'], ['REAC'], ['REAC'], ['REAC'], ['REAC']]"
REAC,REAC:R-HSA-168256,Immune System,0.009457457328118282,True,Immune System,2079,34,14,10916,0.4117647058823529,0.006734006734006734,query_1,['REAC:0000000'],"['CD3E', 'IL32', 'CD3D', 'LCK', 'CD3G', 'IL7R', 'EVL', 'GZMM', 'HSPA8', 'LAT', 'CD27', 'RORA', 'NPM1', 'LTB']","[['REAC'], ['REAC'], ['REAC'], ['REAC'], ['REAC'], ['REAC'], ['REAC'], ['REAC'], ['REAC'], ['REAC'], ['REAC'], ['REAC'], ['REAC'], ['REAC']]"
REAC,REAC:R-HSA-392499,Metabolism of proteins,0.0167018028578685,True,Metabolism of proteins,1962,34,13,10916,0.38235294117647056,0.006625891946992864,query_1,['REAC:0000000'],"['RPS3', 'RPS29', 'RPL3', 'RPS12', 'RPS25', 'RPL23A', 'RPS27', 'RPSA', 'RPS18', 'RPS21', 'HSPA8', 'RORA', 'NPM1']","[['REAC'], ['REAC'], ['REAC'], ['REAC'], ['REAC'], ['REAC'], ['REAC'], ['REAC'], ['REAC'], ['REAC'], ['REAC'], ['REAC'], ['REAC']]"
REAC,REAC:R-HSA-114604,GPVI-mediated activation cascade,0.02030224174841695,True,GPVI-mediated activation cascade,35,34,2,10916,0.058823529411764705,0.05714285714285714,query_1,['REAC:R-HSA-76002'],"['LCK', 'LAT']","[['REAC'], ['REAC']]"
REAC,REAC:R-HSA-203754,NOSIP mediated eNOS trafficking,0.023635890581255217,True,NOSIP mediated eNOS trafficking,2,34,1,10916,0.029411764705882353,0.5,query_1,['REAC:R-HSA-202131'],['NOSIP'],[['REAC']]
REAC,REAC:R-HSA-1430728,Metabolism,0.026464484263387725,True,Metabolism,2079,34,13,10916,0.38235294117647056,0.006253006253006253,query_1,['REAC:0000000'],"['RPS3', 'RPS29', 'LDHB', 'RPL3', 'RPS12', 'RPS25', 'RPL23A', 'RPS27', 'RPSA', 'RPS18', 'RPS21', 'NOSIP', 'RORA']","[['REAC'], ['REAC'], ['REAC'], ['REAC'], ['REAC'], ['REAC'], ['REAC'], ['REAC'], ['REAC'], ['REAC'], ['REAC'], ['REAC'], ['REAC']]"
REAC,REAC:R-HSA-449147,Signaling by Interleukins,0.05370391797599212,False,Signaling by Interleukins,472,34,5,10916,0.14705882352941177,0.01059322033898305,query_1,['REAC:R-HSA-1280215'],"['IL32', 'LCK', 'IL7R', 'HSPA8', 'RORA']","[['REAC'], ['REAC'], ['REAC'], ['REAC'], ['REAC']]"
REAC,REAC:R-HSA-173736,Alternative complement activation,0.055145994347008225,False,Alternative complement activation,5,34,1,10916,0.029411764705882353,0.2,query_1,['REAC:R-HSA-166663'],['GZMM'],[['REAC']]
REAC,REAC:R-HSA-8869496,TFAP2A acts as a transcriptional repressor during retinoic acid induced cell differentiation,0.055145994347008225,False,TFAP2A acts as a transcriptional repressor during retinoic acid induced cell differentiation,5,34,1,10916,0.029411764705882353,0.2,query_1,['REAC:R-HSA-8864260'],['NPM1'],[['REAC']]
REAC,REAC:R-HSA-9706374,FLT3 signaling through SRC family kinases,0.06407305215030994,False,FLT3 signaling through SRC family kinases,6,34,1,10916,0.029411764705882353,0.16666666666666666,query_1,['REAC:R-HSA-9607240'],['LCK'],[['REAC']]
REAC,REAC:R-HSA-198933,Immunoregulatory interactions between a Lymphoid and a non-Lymphoid cell,0.06407305215030994,False,Immunoregulatory interactions between a Lymphoid and a non-Lymphoid cell,181,34,3,10916,0.08823529411764706,0.016574585635359115,query_1,['REAC:R-HSA-1280218'],"['CD3E', 'CD3D', 'CD3G']","[['REAC'], ['REAC'], ['REAC']]"
REAC,REAC:R-HSA-202733,Cell surface interactions at the vascular wall,0.07213286326543722,False,Cell surface interactions at the vascular wall,191,34,3,10916,0.08823529411764706,0.015706806282722512,query_1,['REAC:R-HSA-109582'],"['LCK', 'CD2', 'GYPC']","[['REAC'], ['REAC'], ['REAC']]"
REAC,REAC:R-HSA-164944,Nef and signal transduction,0.07244387502335574,False,Nef and signal transduction,7,34,1,10916,0.029411764705882353,0.14285714285714285,query_1,['REAC:R-HSA-164952'],['LCK'],[['REAC']]
REAC,REAC:R-HSA-9833482,PKR-mediated signaling,0.07492490061716503,False,PKR-mediated signaling,75,34,2,10916,0.058823529411764705,0.02666666666666667,query_1,['REAC:R-HSA-1169410'],"['HSPA8', 'NPM1']","[['REAC'], ['REAC']]"
REAC,REAC:R-HSA-8951430,RUNX3 regulates WNT signaling,0.07917515525980144,False,RUNX3 regulates WNT signaling,8,34,1,10916,0.029411764705882353,0.125,query_1,['REAC:R-HSA-8878159'],['TCF7'],[['REAC']]
REAC,REAC:R-HSA-4411364,Binding of TCF/LEF:CTNNB1 to target gene promoters,0.07917515525980144,False,Binding of TCF/LEF:CTNNB1 to target gene promoters,8,34,1,10916,0.029411764705882353,0.125,query_1,['REAC:R-HSA-201722'],['TCF7'],[['REAC']]
REAC,REAC:R-HSA-447041,CHL1 interactions,0.0853322323795955,False,CHL1 interactions,9,34,1,10916,0.029411764705882353,0.1111111111111111,query_1,['REAC:R-HSA-373760'],['HSPA8'],[['REAC']]
REAC,REAC:R-HSA-9613354,Lipophagy,0.0853322323795955,False,Lipophagy,9,34,1,10916,0.029411764705882353,0.1111111111111111,query_1,['REAC:R-HSA-9663891'],['HSPA8'],[['REAC']]
REAC,REAC:R-HSA-167590,Nef Mediated CD4 Down-regulation,0.0853322323795955,False,Nef Mediated CD4 Down-regulation,9,34,1,10916,0.029411764705882353,0.1111111111111111,query_1,['REAC:R-HSA-164938'],['LCK'],[['REAC']]
REAC,REAC:R-HSA-389359,CD28 dependent Vav1 pathway,0.10124471263454604,False,CD28 dependent Vav1 pathway,11,34,1,10916,0.029411764705882353,0.09090909090909091,query_1,['REAC:R-HSA-389356'],['LCK'],[['REAC']]
REAC,REAC:R-HSA-210990,PECAM1 interactions,0.10124471263454604,False,PECAM1 interactions,11,34,1,10916,0.029411764705882353,0.09090909090909091,query_1,['REAC:R-HSA-202733'],['LCK'],[['REAC']]
REAC,REAC:R-HSA-9020558,Interleukin-2 signaling,0.10476842801445543,False,Interleukin-2 signaling,12,34,1,10916,0.029411764705882353,0.08333333333333333,query_1,['REAC:R-HSA-451927'],['LCK'],[['REAC']]
REAC,REAC:R-HSA-4641265,Repression of WNT target genes,0.10476842801445543,False,Repression of WNT target genes,12,34,1,10916,0.029411764705882353,0.08333333333333333,query_1,['REAC:R-HSA-195253'],['TCF7'],[['REAC']]
REAC,REAC:R-HSA-1280218,Adaptive Immune System,0.10476842801445543,False,Adaptive Immune System,809,34,6,10916,0.17647058823529413,0.007416563658838072,query_1,['REAC:R-HSA-168256'],"['CD3E', 'CD3D', 'LCK', 'CD3G', 'EVL', 'LAT']","[['REAC'], ['REAC'], ['REAC'], ['REAC'], ['REAC'], ['REAC']]"
REAC,REAC:R-HSA-9700645,ALK mutants bind TKIs,0.10476842801445543,False,ALK mutants bind TKIs,12,34,1,10916,0.029411764705882353,0.08333333333333333,query_1,['REAC:R-HSA-9700206'],['NPM1'],[['REAC']]
REAC,REAC:R-HSA-5668541,TNFR2 non-canonical NF-kB pathway,0.10849760590417273,False,TNFR2 non-canonical NF-kB pathway,100,34,2,10916,0.058823529411764705,0.02,query_1,['REAC:R-HSA-1280215'],"['CD27', 'LTB']","[['REAC'], ['REAC']]"
REAC,REAC:R-HSA-1433559,Regulation of KIT signaling,0.11056428721768177,False,Regulation of KIT signaling,13,34,1,10916,0.029411764705882353,0.07692307692307693,query_1,['REAC:R-HSA-1433557'],['LCK'],[['REAC']]
REAC,REAC:R-HSA-199991,Membrane Trafficking,0.11336042085393237,False,Membrane Trafficking,624,34,5,10916,0.14705882352941177,0.008012820512820512,query_1,['REAC:R-HSA-5653656'],"['CD3D', 'CD3G', 'IL7R', 'HSPA8', 'AAK1']","[['REAC'], ['REAC'], ['REAC'], ['REAC'], ['REAC']]"
REAC,REAC:R-HSA-202131,Metabolism of nitric oxide: NOS3 activation and regulation,0.11336042085393237,False,Metabolism of nitric oxide: NOS3 activation and regulation,14,34,1,10916,0.029411764705882353,0.07142857142857142,query_1,['REAC:R-HSA-1430728'],['NOSIP'],[['REAC']]
REAC,REAC:R-HSA-3371568,Attenuation phase,0.11336042085393237,False,Attenuation phase,14,34,1,10916,0.029411764705882353,0.07142857142857142,query_1,['REAC:R-HSA-3371571'],['HSPA8'],[['REAC']]
REAC,REAC:R-HSA-9796292,Formation of axial mesoderm,0.11336042085393237,False,Formation of axial mesoderm,14,34,1,10916,0.029411764705882353,0.07142857142857142,query_1,['REAC:R-HSA-9758941'],['TCF7'],[['REAC']]
REAC,REAC:R-HSA-76002,"Platelet activation, signaling and aggregation",0.12059624940965816,False,"Platelet activation, signaling and aggregation",259,34,3,10916,0.08823529411764706,0.011583011583011582,query_1,['REAC:R-HSA-109582'],"['LCK', 'LAT', 'CTSW']","[['REAC'], ['REAC'], ['REAC']]"
REAC,REAC:R-HSA-6785807,Interleukin-4 and Interleukin-13 signaling,0.12059624940965816,False,Interleukin-4 and Interleukin-13 signaling,111,34,2,10916,0.058823529411764705,0.018018018018018018,query_1,['REAC:R-HSA-449147'],"['HSPA8', 'RORA']","[['REAC'], ['REAC']]"
REAC,REAC:R-HSA-5676594,TNF receptor superfamily (TNFSF) members mediating non-canonical NF-kB pathway,0.12481181783296451,False,TNF receptor superfamily (TNFSF) members mediating non-canonical NF-kB pathway,16,34,1,10916,0.029411764705882353,0.0625,query_1,['REAC:R-HSA-5668541'],['LTB'],[['REAC']]
REAC,REAC:R-HSA-9669938,Signaling by KIT in disease,0.12671822424681445,False,Signaling by KIT in disease,17,34,1,10916,0.029411764705882353,0.058823529411764705,query_1,['REAC:R-HSA-5663202'],['LCK'],[['REAC']]
REAC,REAC:R-HSA-9670439,"Signaling by phosphorylated juxtamembrane, extracellular and kinase domain KIT mutants",0.12671822424681445,False,"Signaling by phosphorylated juxtamembrane, extracellular and kinase domain KIT mutants",17,34,1,10916,0.029411764705882353,0.058823529411764705,query_1,['REAC:R-HSA-9669938'],['LCK'],[['REAC']]
REAC,REAC:R-HSA-8876725,Protein methylation,0.12671822424681445,False,Protein methylation,17,34,1,10916,0.029411764705882353,0.058823529411764705,query_1,['REAC:R-HSA-597592'],['HSPA8'],[['REAC']]
REAC,REAC:R-HSA-9754189,Germ layer formation at gastrulation,0.12671822424681445,False,Germ layer formation at gastrulation,17,34,1,10916,0.029411764705882353,0.058823529411764705,query_1,['REAC:R-HSA-9758941'],['TCF7'],[['REAC']]
REAC,REAC:R-HSA-1368082,RORA activates gene expression,0.129784265470717,False,RORA activates gene expression,18,34,1,10916,0.029411764705882353,0.05555555555555555,query_1,['REAC:R-HSA-400253'],['RORA'],[['REAC']]
REAC,REAC:R-HSA-9725371,Nuclear events stimulated by ALK signaling in cancer,0.129784265470717,False,Nuclear events stimulated by ALK signaling in cancer,18,34,1,10916,0.029411764705882353,0.05555555555555555,query_1,['REAC:R-HSA-9725370'],['NPM1'],[['REAC']]
REAC,REAC:R-HSA-888590,"GABA synthesis, release, reuptake and degradation",0.129784265470717,False,"GABA synthesis, release, reuptake and degradation",18,34,1,10916,0.029411764705882353,0.05555555555555555,query_1,['REAC:R-HSA-112310'],['HSPA8'],[['REAC']]
REAC,REAC:R-HSA-109582,Hemostasis,0.13034645236492634,False,Hemostasis,673,34,5,10916,0.14705882352941177,0.007429420505200594,query_1,['REAC:0000000'],"['LCK', 'CD2', 'LAT', 'CTSW', 'GYPC']","[['REAC'], ['REAC'], ['REAC'], ['REAC'], ['REAC']]"
REAC,REAC:R-HSA-162909,Host Interactions of HIV factors,0.13573257772316308,False,Host Interactions of HIV factors,126,34,2,10916,0.058823529411764705,0.015873015873015872,query_1,['REAC:R-HSA-162906'],"['LCK', 'NPM1']","[['REAC'], ['REAC']]"
REAC,REAC:R-HSA-389513,Co-inhibition by CTLA4,0.1394157320732773,False,Co-inhibition by CTLA4,20,34,1,10916,0.029411764705882353,0.05,query_1,['REAC:R-HSA-388841'],['LCK'],[['REAC']]
REAC,REAC:R-HSA-164938,Nef-mediates down modulation of cell surface receptors by recruiting them to clathrin adapters,0.14327270112405005,False,Nef-mediates down modulation of cell surface receptors by recruiting them to clathrin adapters,21,34,1,10916,0.029411764705882353,0.047619047619047616,query_1,['REAC:R-HSA-164952'],['LCK'],[['REAC']]
REAC,REAC:R-HSA-6804115,TP53 regulates transcription of additional cell cycle genes whose exact role in the p53 pathway remain uncertain,0.14327270112405005,False,TP53 regulates transcription of additional cell cycle genes whose exact role in the p53 pathway remain uncertain,21,34,1,10916,0.029411764705882353,0.047619047619047616,query_1,['REAC:R-HSA-6791312'],['NPM1'],[['REAC']]
REAC,REAC:R-HSA-5663220,RHO GTPases Activate Formins,0.14627687850372675,False,RHO GTPases Activate Formins,136,34,2,10916,0.058823529411764705,0.014705882352941176,query_1,['REAC:R-HSA-195258'],"['EVL', 'RPS27']","[['REAC'], ['REAC']]"
REAC,REAC:R-HSA-389357,CD28 dependent PI3K/Akt signaling,0.14627687850372675,False,CD28 dependent PI3K/Akt signaling,22,34,1,10916,0.029411764705882353,0.045454545454545456,query_1,['REAC:R-HSA-389356'],['LCK'],[['REAC']]
REAC,REAC:R-HSA-9613829,Chaperone Mediated Autophagy,0.14627687850372675,False,Chaperone Mediated Autophagy,22,34,1,10916,0.029411764705882353,0.045454545454545456,query_1,['REAC:R-HSA-9612973'],['HSPA8'],[['REAC']]
REAC,REAC:R-HSA-5653656,Vesicle-mediated transport,0.1507922747656983,False,Vesicle-mediated transport,718,34,5,10916,0.14705882352941177,0.006963788300835654,query_1,['REAC:0000000'],"['CD3D', 'CD3G', 'IL7R', 'HSPA8', 'AAK1']","[['REAC'], ['REAC'], ['REAC'], ['REAC'], ['REAC']]"
REAC,REAC:R-HSA-449836,Other interleukin signaling,0.15244051587616886,False,Other interleukin signaling,24,34,1,10916,0.029411764705882353,0.041666666666666664,query_1,['REAC:R-HSA-449147'],['IL32'],[['REAC']]
REAC,REAC:R-HSA-4090294,SUMOylation of intracellular receptors,0.15244051587616886,False,SUMOylation of intracellular receptors,24,34,1,10916,0.029411764705882353,0.041666666666666664,query_1,['REAC:R-HSA-3108232'],['RORA'],[['REAC']]
REAC,REAC:R-HSA-3371571,HSF1-dependent transactivation,0.15244051587616886,False,HSF1-dependent transactivation,24,34,1,10916,0.029411764705882353,0.041666666666666664,query_1,['REAC:R-HSA-3371556'],['HSPA8'],[['REAC']]
REAC,REAC:R-HSA-2424491,DAP12 signaling,0.15709998846844217,False,DAP12 signaling,25,34,1,10916,0.029411764705882353,0.04,query_1,['REAC:R-HSA-2172127'],['LCK'],[['REAC']]
REAC,REAC:R-HSA-1169410,Antiviral mechanism by IFN-stimulated genes,0.15831086655455842,False,Antiviral mechanism by IFN-stimulated genes,147,34,2,10916,0.058823529411764705,0.013605442176870748,query_1,['REAC:R-HSA-913531'],"['HSPA8', 'NPM1']","[['REAC'], ['REAC']]"
REAC,REAC:R-HSA-164952,The role of Nef in HIV-1 replication and disease pathogenesis,0.1661130476916854,False,The role of Nef in HIV-1 replication and disease pathogenesis,27,34,1,10916,0.029411764705882353,0.037037037037037035,query_1,['REAC:R-HSA-162909'],['LCK'],[['REAC']]
REAC,REAC:R-HSA-5669034,TNFs bind their physiological receptors,0.1762968001300765,False,TNFs bind their physiological receptors,29,34,1,10916,0.029411764705882353,0.034482758620689655,query_1,['REAC:R-HSA-5668541'],['CD27'],[['REAC']]
REAC,REAC:R-HSA-70268,Pyruvate metabolism,0.1804922061327624,False,Pyruvate metabolism,30,34,1,10916,0.029411764705882353,0.03333333333333333,query_1,['REAC:R-HSA-1428517'],['LDHB'],[['REAC']]
REAC,REAC:R-HSA-389356,Co-stimulation by CD28,0.18299152526792192,False,Co-stimulation by CD28,31,34,1,10916,0.029411764705882353,0.03225806451612903,query_1,['REAC:R-HSA-388841'],['LCK'],[['REAC']]
REAC,REAC:R-HSA-180746,Nuclear import of Rev protein,0.18299152526792192,False,Nuclear import of Rev protein,31,34,1,10916,0.029411764705882353,0.03225806451612903,query_1,['REAC:R-HSA-177243'],['NPM1'],[['REAC']]
REAC,REAC:R-HSA-2559585,Oncogene Induced Senescence,0.19254263881277667,False,Oncogene Induced Senescence,33,34,1,10916,0.029411764705882353,0.030303030303030304,query_1,['REAC:R-HSA-2559583'],['ETS1'],[['REAC']]
REAC,REAC:R-HSA-3108232,SUMO E3 ligases SUMOylate target proteins,0.19262058322363304,False,SUMO E3 ligases SUMOylate target proteins,171,34,2,10916,0.058823529411764705,0.011695906432748537,query_1,['REAC:R-HSA-2990846'],"['RORA', 'NPM1']","[['REAC'], ['REAC']]"
REAC,REAC:R-HSA-9615710,Late endosomal microautophagy,0.19308800192085754,False,Late endosomal microautophagy,34,34,1,10916,0.029411764705882353,0.029411764705882353,query_1,['REAC:R-HSA-9612973'],['HSPA8'],[['REAC']]
REAC,REAC:R-HSA-177243,Interactions of Rev with host cellular proteins,0.19308800192085754,False,Interactions of Rev with host cellular proteins,34,34,1,10916,0.029411764705882353,0.029411764705882353,query_1,['REAC:R-HSA-162909'],['NPM1'],[['REAC']]
REAC,REAC:R-HSA-9607240,FLT3 Signaling,0.19405347816564392,False,FLT3 Signaling,36,34,1,10916,0.029411764705882353,0.027777777777777776,query_1,['REAC:R-HSA-1280215'],['LCK'],[['REAC']]
REAC,REAC:R-HSA-2990846,SUMOylation,0.19405347816564392,False,SUMOylation,177,34,2,10916,0.058823529411764705,0.011299435028248588,query_1,['REAC:R-HSA-597592'],"['RORA', 'NPM1']","[['REAC'], ['REAC']]"
REAC,REAC:R-HSA-432720,Lysosome Vesicle Biogenesis,0.19405347816564392,False,Lysosome Vesicle Biogenesis,35,34,1,10916,0.029411764705882353,0.02857142857142857,query_1,['REAC:R-HSA-199992'],['HSPA8'],[['REAC']]
REAC,REAC:R-HSA-2172127,DAP12 interactions,0.19405347816564392,False,DAP12 interactions,35,34,1,10916,0.029411764705882353,0.02857142857142857,query_1,['REAC:R-HSA-168249'],['LCK'],[['REAC']]
REAC,REAC:R-HSA-9029569,NR1H3 & NR1H2 regulate gene expression linked to cholesterol transport and efflux,0.19405347816564392,False,NR1H3 & NR1H2 regulate gene expression linked to cholesterol transport and efflux,36,34,1,10916,0.029411764705882353,0.027777777777777776,query_1,['REAC:R-HSA-9024446'],['ARL4C'],[['REAC']]
REAC,REAC:R-HSA-1266695,Interleukin-7 signaling,0.19405347816564392,False,Interleukin-7 signaling,36,34,1,10916,0.029411764705882353,0.027777777777777776,query_1,['REAC:R-HSA-449147'],['IL7R'],[['REAC']]
REAC,REAC:R-HSA-9013407,RHOH GTPase cycle,0.19756652881584919,False,RHOH GTPase cycle,37,34,1,10916,0.029411764705882353,0.02702702702702703,query_1,['REAC:R-HSA-9012999'],['LCK'],[['REAC']]
REAC,REAC:R-HSA-8864260,Transcriptional regulation by the AP-2 (TFAP2) family of transcription factors,0.20100904844556675,False,Transcriptional regulation by the AP-2 (TFAP2) family of transcription factors,38,34,1,10916,0.029411764705882353,0.02631578947368421,query_1,['REAC:R-HSA-212436'],['NPM1'],[['REAC']]
REAC,REAC:R-HSA-1433557,Signaling by SCF-KIT,0.2043827345119263,False,Signaling by SCF-KIT,39,34,1,10916,0.029411764705882353,0.02564102564102564,query_1,['REAC:R-HSA-9006934'],['LCK'],[['REAC']]
REAC,REAC:R-HSA-3899300,SUMOylation of transcription cofactors,0.21093013401339558,False,SUMOylation of transcription cofactors,41,34,1,10916,0.029411764705882353,0.024390243902439025,query_1,['REAC:R-HSA-3108232'],['NPM1'],[['REAC']]
REAC,REAC:R-HSA-383280,Nuclear Receptor transcription pathway,0.21093013401339558,False,Nuclear Receptor transcription pathway,41,34,1,10916,0.029411764705882353,0.024390243902439025,query_1,['REAC:R-HSA-212436'],['RORA'],[['REAC']]
REAC,REAC:R-HSA-3769402,Deactivation of the beta-catenin transactivating complex,0.21410698658881996,False,Deactivation of the beta-catenin transactivating complex,42,34,1,10916,0.029411764705882353,0.023809523809523808,query_1,['REAC:R-HSA-201681'],['TCF7'],[['REAC']]
REAC,REAC:R-HSA-451927,Interleukin-2 family signaling,0.22194323643398606,False,Interleukin-2 family signaling,44,34,1,10916,0.029411764705882353,0.022727272727272728,query_1,['REAC:R-HSA-449147'],['LCK'],[['REAC']]
REAC,REAC:R-HSA-9024446,NR1H2 and NR1H3-mediated signaling,0.2249467108266269,False,NR1H2 and NR1H3-mediated signaling,45,34,1,10916,0.029411764705882353,0.022222222222222223,query_1,['REAC:R-HSA-9006931'],['ARL4C'],[['REAC']]
REAC,REAC:R-HSA-9707616,Heme signaling,0.2325005204600429,False,Heme signaling,47,34,1,10916,0.029411764705882353,0.02127659574468085,query_1,['REAC:R-HSA-2262752'],['RORA'],[['REAC']]
REAC,REAC:R-HSA-6791312,TP53 Regulates Transcription of Cell Cycle Genes,0.23988685880813657,False,TP53 Regulates Transcription of Cell Cycle Genes,49,34,1,10916,0.029411764705882353,0.02040816326530612,query_1,['REAC:R-HSA-3700989'],['NPM1'],[['REAC']]
REAC,REAC:R-HSA-112310,Neurotransmitter release cycle,0.24262319820006426,False,Neurotransmitter release cycle,50,34,1,10916,0.029411764705882353,0.02,query_1,['REAC:R-HSA-112315'],['HSPA8'],[['REAC']]
REAC,REAC:R-HSA-9725370,Signaling by ALK fusions and activated point mutants,0.251250626865403,False,Signaling by ALK fusions and activated point mutants,53,34,1,10916,0.029411764705882353,0.018867924528301886,query_1,['REAC:R-HSA-9700206'],['NPM1'],[['REAC']]
REAC,REAC:R-HSA-9700206,Signaling by ALK in cancer,0.251250626865403,False,Signaling by ALK in cancer,53,34,1,10916,0.029411764705882353,0.018867924528301886,query_1,['REAC:R-HSA-5663202'],['NPM1'],[['REAC']]
REAC,REAC:R-HSA-450408,AUF1 (hnRNP D0) binds and destabilizes mRNA,0.251250626865403,False,AUF1 (hnRNP D0) binds and destabilizes mRNA,54,34,1,10916,0.029411764705882353,0.018518518518518517,query_1,['REAC:R-HSA-450531'],['HSPA8'],[['REAC']]
REAC,REAC:R-HSA-162906,HIV Infection,0.251250626865403,False,HIV Infection,225,34,2,10916,0.058823529411764705,0.008888888888888889,query_1,['REAC:R-HSA-9824446'],"['LCK', 'NPM1']","[['REAC'], ['REAC']]"
REAC,REAC:R-HSA-432722,Golgi Associated Vesicle Biogenesis,0.251250626865403,False,Golgi Associated Vesicle Biogenesis,54,34,1,10916,0.029411764705882353,0.018518518518518517,query_1,['REAC:R-HSA-199992'],['HSPA8'],[['REAC']]
REAC,REAC:R-HSA-3371497,HSP90 chaperone cycle for steroid hormone receptors (SHR) in the presence of ligand,0.26217759936710755,False,HSP90 chaperone cycle for steroid hormone receptors (SHR) in the presence of ligand,57,34,1,10916,0.029411764705882353,0.017543859649122806,query_1,['REAC:R-HSA-2262752'],['HSPA8'],[['REAC']]
REAC,REAC:R-HSA-4086398,Ca2+ pathway,0.26868550293403703,False,Ca2+ pathway,59,34,1,10916,0.029411764705882353,0.01694915254237288,query_1,['REAC:R-HSA-3858494'],['TCF7'],[['REAC']]
REAC,REAC:R-HSA-194315,Signaling by Rho GTPases,0.2717860447818999,False,Signaling by Rho GTPases,701,34,4,10916,0.11764705882352941,0.005706134094151213,query_1,['REAC:R-HSA-9716542'],"['IL32', 'LCK', 'EVL', 'RPS27']","[['REAC'], ['REAC'], ['REAC'], ['REAC']]"
REAC,REAC:R-HSA-9716542,"Signaling by Rho GTPases, Miro GTPases and RHOBTB3",0.28456205615688673,False,"Signaling by Rho GTPases, Miro GTPases and RHOBTB3",716,34,4,10916,0.11764705882352941,0.00558659217877095,query_1,['REAC:R-HSA-162582'],"['IL32', 'LCK', 'EVL', 'RPS27']","[['REAC'], ['REAC'], ['REAC'], ['REAC']]"
REAC,REAC:R-HSA-2219530,Constitutive Signaling by Aberrant PI3K in Cancer,0.28737794552902235,False,Constitutive Signaling by Aberrant PI3K in Cancer,65,34,1,10916,0.029411764705882353,0.015384615384615385,query_1,['REAC:R-HSA-2219528'],['LCK'],[['REAC']]
REAC,REAC:R-HSA-400253,Circadian Clock,0.2894045788843437,False,Circadian Clock,67,34,1,10916,0.029411764705882353,0.014925373134328358,query_1,['REAC:0000000'],['RORA'],[['REAC']]
REAC,REAC:R-HSA-2029481,FCGR activation,0.2894045788843437,False,FCGR activation,67,34,1,10916,0.029411764705882353,0.014925373134328358,query_1,['REAC:R-HSA-2029480'],['CD3G'],[['REAC']]
REAC,REAC:R-HSA-3371453,Regulation of HSF1-mediated heat shock response,0.2894045788843437,False,Regulation of HSF1-mediated heat shock response,67,34,1,10916,0.029411764705882353,0.014925373134328358,query_1,['REAC:R-HSA-3371556'],['HSPA8'],[['REAC']]
REAC,REAC:R-HSA-913531,Interferon Signaling,0.29970238489956685,False,Interferon Signaling,263,34,2,10916,0.058823529411764705,0.0076045627376425855,query_1,['REAC:R-HSA-1280215'],"['HSPA8', 'NPM1']","[['REAC'], ['REAC']]"
REAC,REAC:R-HSA-606279,Deposition of new CENPA-containing nucleosomes at the centromere,0.3006581239170811,False,Deposition of new CENPA-containing nucleosomes at the centromere,72,34,1,10916,0.029411764705882353,0.013888888888888888,query_1,['REAC:R-HSA-774815'],['NPM1'],[['REAC']]
REAC,REAC:R-HSA-199992,trans-Golgi Network Vesicle Budding,0.3006581239170811,False,trans-Golgi Network Vesicle Budding,72,34,1,10916,0.029411764705882353,0.013888888888888888,query_1,['REAC:R-HSA-199991'],['HSPA8'],[['REAC']]
REAC,REAC:R-HSA-774815,Nucleosome assembly,0.3006581239170811,False,Nucleosome assembly,72,34,1,10916,0.029411764705882353,0.013888888888888888,query_1,['REAC:R-HSA-73886'],['NPM1'],[['REAC']]
REAC,REAC:R-HSA-1221632,Meiotic synapsis,0.3114376590268481,False,Meiotic synapsis,76,34,1,10916,0.029411764705882353,0.013157894736842105,query_1,['REAC:R-HSA-1500620'],['SYNE2'],[['REAC']]
REAC,REAC:R-HSA-166663,Initial triggering of complement,0.3114376590268481,False,Initial triggering of complement,76,34,1,10916,0.029411764705882353,0.013157894736842105,query_1,['REAC:R-HSA-166658'],['GZMM'],[['REAC']]
REAC,REAC:R-HSA-9663891,Selective autophagy,0.3238297388454616,False,Selective autophagy,80,34,1,10916,0.029411764705882353,0.0125,query_1,['REAC:R-HSA-1632852'],['HSPA8'],[['REAC']]
REAC,REAC:R-HSA-2029485,Role of phospholipids in phagocytosis,0.3253141679688564,False,Role of phospholipids in phagocytosis,81,34,1,10916,0.029411764705882353,0.012345679012345678,query_1,['REAC:R-HSA-2029480'],['CD3G'],[['REAC']]
REAC,REAC:R-HSA-195253,Degradation of beta-catenin by the destruction complex,0.3302722234993149,False,Degradation of beta-catenin by the destruction complex,83,34,1,10916,0.029411764705882353,0.012048192771084338,query_1,['REAC:R-HSA-195721'],['TCF7'],[['REAC']]
REAC,REAC:R-HSA-450531,Regulation of mRNA stability by proteins that bind AU-rich elements,0.3385748959410989,False,Regulation of mRNA stability by proteins that bind AU-rich elements,86,34,1,10916,0.029411764705882353,0.011627906976744186,query_1,['REAC:R-HSA-8953854'],['HSPA8'],[['REAC']]
REAC,REAC:R-HSA-3371556,Cellular response to heat stress,0.33987619902829874,False,Cellular response to heat stress,87,34,1,10916,0.029411764705882353,0.011494252873563218,query_1,['REAC:R-HSA-2262752'],['HSPA8'],[['REAC']]
REAC,REAC:R-HSA-6811558,"PI5P, PP2A and IER3 Regulate PI3K/AKT Signaling",0.345995231975183,False,"PI5P, PP2A and IER3 Regulate PI3K/AKT Signaling",92,34,1,10916,0.029411764705882353,0.010869565217391304,query_1,['REAC:R-HSA-199418'],['LCK'],[['REAC']]
REAC,REAC:R-HSA-141424,Amplification of signal from the kinetochores,0.345995231975183,False,Amplification of signal from the kinetochores,92,34,1,10916,0.029411764705882353,0.010869565217391304,query_1,['REAC:R-HSA-69618'],['RPS27'],[['REAC']]
REAC,REAC:R-HSA-141444,Amplification  of signal from unattached  kinetochores via a MAD2  inhibitory signal,0.345995231975183,False,Amplification  of signal from unattached  kinetochores via a MAD2  inhibitory signal,92,34,1,10916,0.029411764705882353,0.010869565217391304,query_1,['REAC:R-HSA-141424'],['RPS27'],[['REAC']]
REAC,REAC:R-HSA-2219528,PI3K/AKT Signaling in Cancer,0.345995231975183,False,PI3K/AKT Signaling in Cancer,92,34,1,10916,0.029411764705882353,0.010869565217391304,query_1,['REAC:R-HSA-5663202'],['LCK'],[['REAC']]
REAC,REAC:R-HSA-201722,Formation of the beta-catenin:TCF transactivating complex,0.345995231975183,False,Formation of the beta-catenin:TCF transactivating complex,90,34,1,10916,0.029411764705882353,0.011111111111111112,query_1,['REAC:R-HSA-201681'],['TCF7'],[['REAC']]
REAC,REAC:R-HSA-9664323,FCGR3A-mediated IL10 synthesis,0.347145016455521,False,FCGR3A-mediated IL10 synthesis,93,34,1,10916,0.029411764705882353,0.010752688172043012,query_1,['REAC:R-HSA-9662851'],['CD3G'],[['REAC']]
REAC,REAC:R-HSA-9013423,RAC3 GTPase cycle,0.3482712291584683,False,RAC3 GTPase cycle,94,34,1,10916,0.029411764705882353,0.010638297872340425,query_1,['REAC:R-HSA-9012999'],['IL32'],[['REAC']]
REAC,REAC:R-HSA-8878159,Transcriptional regulation by RUNX3,0.3493743198197337,False,Transcriptional regulation by RUNX3,95,34,1,10916,0.029411764705882353,0.010526315789473684,query_1,['REAC:R-HSA-212436'],['TCF7'],[['REAC']]
REAC,REAC:R-HSA-195258,RHO GTPase Effectors,0.3516248565742391,False,RHO GTPase Effectors,318,34,2,10916,0.058823529411764705,0.006289308176100629,query_1,['REAC:R-HSA-194315'],"['EVL', 'RPS27']","[['REAC'], ['REAC']]"
REAC,REAC:R-HSA-199418,Negative regulation of the PI3K/AKT network,0.3577236653857771,False,Negative regulation of the PI3K/AKT network,99,34,1,10916,0.029411764705882353,0.010101010101010102,query_1,['REAC:R-HSA-1257604'],['LCK'],[['REAC']]
REAC,REAC:R-HSA-166658,Complement cascade,0.3841530489471568,False,Complement cascade,111,34,1,10916,0.029411764705882353,0.009009009009009009,query_1,['REAC:R-HSA-168249'],['GZMM'],[['REAC']]
REAC,REAC:R-HSA-9664407,Parasite infection,0.3841530489471568,False,Parasite infection,113,34,1,10916,0.029411764705882353,0.008849557522123894,query_1,['REAC:R-HSA-9658195'],['CD3G'],[['REAC']]
REAC,REAC:R-HSA-1500620,Meiosis,0.3841530489471568,False,Meiosis,116,34,1,10916,0.029411764705882353,0.008620689655172414,query_1,"['REAC:R-HSA-1474165', 'REAC:R-HSA-1640170']",['SYNE2'],[['REAC']]
REAC,REAC:R-HSA-9758941,Gastrulation,0.3841530489471568,False,Gastrulation,114,34,1,10916,0.029411764705882353,0.008771929824561403,query_1,['REAC:R-HSA-1266738'],['TCF7'],[['REAC']]
REAC,REAC:R-HSA-400206,Regulation of lipid metabolism by PPARalpha,0.3841530489471568,False,Regulation of lipid metabolism by PPARalpha,114,34,1,10916,0.029411764705882353,0.008771929824561403,query_1,['REAC:R-HSA-556833'],['RORA'],[['REAC']]
REAC,REAC:R-HSA-2029482,Regulation of actin dynamics for phagocytic cup formation,0.3841530489471568,False,Regulation of actin dynamics for phagocytic cup formation,116,34,1,10916,0.029411764705882353,0.008620689655172414,query_1,['REAC:R-HSA-2029480'],['CD3G'],[['REAC']]
REAC,REAC:R-HSA-9664422,FCGR3A-mediated phagocytosis,0.3841530489471568,False,FCGR3A-mediated phagocytosis,113,34,1,10916,0.029411764705882353,0.008849557522123894,query_1,['REAC:R-HSA-9664417'],['CD3G'],[['REAC']]
REAC,REAC:R-HSA-1989781,PPARA activates gene expression,0.3841530489471568,False,PPARA activates gene expression,113,34,1,10916,0.029411764705882353,0.008849557522123894,query_1,['REAC:R-HSA-400206'],['RORA'],[['REAC']]
REAC,REAC:R-HSA-9664417,Leishmania phagocytosis,0.3841530489471568,False,Leishmania phagocytosis,113,34,1,10916,0.029411764705882353,0.008849557522123894,query_1,['REAC:R-HSA-9664407'],['CD3G'],[['REAC']]
REAC,REAC:R-HSA-9648025,EML4 and NUDC in mitotic spindle formation,0.3841530489471568,False,EML4 and NUDC in mitotic spindle formation,115,34,1,10916,0.029411764705882353,0.008695652173913044,query_1,['REAC:R-HSA-68877'],['RPS27'],[['REAC']]
REAC,REAC:R-HSA-69618,Mitotic Spindle Checkpoint,0.3841530489471568,False,Mitotic Spindle Checkpoint,109,34,1,10916,0.029411764705882353,0.009174311926605505,query_1,['REAC:R-HSA-69620'],['RPS27'],[['REAC']]
REAC,REAC:R-HSA-373760,L1CAM interactions,0.39024053796579977,False,L1CAM interactions,119,34,1,10916,0.029411764705882353,0.008403361344537815,query_1,['REAC:R-HSA-422475'],['HSPA8'],[['REAC']]
REAC,REAC:R-HSA-2500257,Resolution of Sister Chromatid Cohesion,0.39886347950023576,False,Resolution of Sister Chromatid Cohesion,123,34,1,10916,0.029411764705882353,0.008130081300813009,query_1,['REAC:R-HSA-68877'],['RPS27'],[['REAC']]
REAC,REAC:R-HSA-114608,Platelet degranulation ,0.40463291032759385,False,Platelet degranulation ,126,34,1,10916,0.029411764705882353,0.007936507936507936,query_1,['REAC:R-HSA-76005'],['CTSW'],[['REAC']]
REAC,REAC:R-HSA-9662851,Anti-inflammatory response favouring Leishmania parasite infection,0.413547460257273,False,Anti-inflammatory response favouring Leishmania parasite infection,132,34,1,10916,0.029411764705882353,0.007575757575757576,query_1,['REAC:R-HSA-9664433'],['CD3G'],[['REAC']]
REAC,REAC:R-HSA-9664433,Leishmania parasite growth and survival,0.413547460257273,False,Leishmania parasite growth and survival,132,34,1,10916,0.029411764705882353,0.007575757575757576,query_1,['REAC:R-HSA-9658195'],['CD3G'],[['REAC']]
REAC,REAC:R-HSA-76005,Response to elevated platelet cytosolic Ca2+,0.413547460257273,False,Response to elevated platelet cytosolic Ca2+,131,34,1,10916,0.029411764705882353,0.007633587786259542,query_1,['REAC:R-HSA-76002'],['CTSW'],[['REAC']]
REAC,REAC:R-HSA-1632852,Macroautophagy,0.4163934601519757,False,Macroautophagy,134,34,1,10916,0.029411764705882353,0.007462686567164179,query_1,['REAC:R-HSA-9612973'],['HSPA8'],[['REAC']]
REAC,REAC:R-HSA-73886,Chromosome Maintenance,0.4241365209915989,False,Chromosome Maintenance,138,34,1,10916,0.029411764705882353,0.007246376811594203,query_1,['REAC:R-HSA-1640170'],['NPM1'],[['REAC']]
REAC,REAC:R-HSA-1640170,Cell Cycle,0.4243075536306226,False,Cell Cycle,677,34,3,10916,0.08823529411764706,0.004431314623338257,query_1,['REAC:0000000'],"['RPS27', 'NPM1', 'SYNE2']","[['REAC'], ['REAC'], ['REAC']]"
REAC,REAC:R-HSA-2029480,Fcgamma receptor (FCGR) dependent phagocytosis,0.4245712435850333,False,Fcgamma receptor (FCGR) dependent phagocytosis,140,34,1,10916,0.029411764705882353,0.007142857142857143,query_1,['REAC:R-HSA-168249'],['CD3G'],[['REAC']]
REAC,REAC:R-HSA-3858494,Beta-catenin independent WNT signaling,0.42958019312817486,False,Beta-catenin independent WNT signaling,143,34,1,10916,0.029411764705882353,0.006993006993006993,query_1,['REAC:R-HSA-195721'],['TCF7'],[['REAC']]
REAC,REAC:R-HSA-9612973,Autophagy,0.4415232513129991,False,Autophagy,149,34,1,10916,0.029411764705882353,0.006711409395973154,query_1,['REAC:0000000'],['HSPA8'],[['REAC']]
REAC,REAC:R-HSA-5663202,Diseases of signal transduction by growth factor receptors and second messengers,0.44199586674626207,False,Diseases of signal transduction by growth factor receptors and second messengers,418,34,2,10916,0.058823529411764705,0.004784688995215311,query_1,['REAC:R-HSA-1643685'],"['LCK', 'NPM1']","[['REAC'], ['REAC']]"
REAC,REAC:R-HSA-1474165,Reproduction,0.44848540531574815,False,Reproduction,154,34,1,10916,0.029411764705882353,0.006493506493506494,query_1,['REAC:0000000'],['SYNE2'],[['REAC']]
REAC,REAC:R-HSA-9012999,RHO GTPase cycle,0.4777812889352874,False,RHO GTPase cycle,449,34,2,10916,0.058823529411764705,0.004454342984409799,query_1,['REAC:R-HSA-194315'],"['IL32', 'LCK']","[['REAC'], ['REAC']]"
REAC,REAC:R-HSA-1428517,Aerobic respiration and respiratory electron transport,0.4940593110465846,False,Aerobic respiration and respiratory electron transport,177,34,1,10916,0.029411764705882353,0.005649717514124294,query_1,['REAC:R-HSA-1430728'],['LDHB'],[['REAC']]
REAC,REAC:R-HSA-2467813,Separation of Sister Chromatids,0.5141977115845979,False,Separation of Sister Chromatids,188,34,1,10916,0.029411764705882353,0.005319148936170213,query_1,['REAC:R-HSA-68882'],['RPS27'],[['REAC']]
REAC,REAC:R-HSA-168249,Innate Immune System,0.5174404147398887,False,Innate Immune System,1099,34,4,10916,0.11764705882352941,0.003639672429481347,query_1,['REAC:R-HSA-168256'],"['LCK', 'CD3G', 'GZMM', 'HSPA8']","[['REAC'], ['REAC'], ['REAC'], ['REAC']]"
REAC,REAC:R-HSA-2559583,Cellular Senescence,0.5209616486029794,False,Cellular Senescence,194,34,1,10916,0.029411764705882353,0.005154639175257732,query_1,['REAC:R-HSA-2262752'],['ETS1'],[['REAC']]
REAC,REAC:R-HSA-68877,Mitotic Prometaphase,0.528076034319383,False,Mitotic Prometaphase,199,34,1,10916,0.029411764705882353,0.005025125628140704,query_1,['REAC:R-HSA-68886'],['RPS27'],[['REAC']]
REAC,REAC:R-HSA-72163,mRNA Splicing - Major Pathway,0.5311856288685654,False,mRNA Splicing - Major Pathway,202,34,1,10916,0.029411764705882353,0.0049504950495049506,query_1,['REAC:R-HSA-72172'],['HSPA8'],[['REAC']]
REAC,REAC:R-HSA-72172,mRNA Splicing,0.5416555393444488,False,mRNA Splicing,209,34,1,10916,0.029411764705882353,0.004784688995215311,query_1,['REAC:R-HSA-72203'],['HSPA8'],[['REAC']]
REAC,REAC:R-HSA-9824443,Parasitic Infection Pathways,0.5472580379090183,False,Parasitic Infection Pathways,215,34,1,10916,0.029411764705882353,0.004651162790697674,query_1,['REAC:R-HSA-5663205'],['CD3G'],[['REAC']]
REAC,REAC:R-HSA-9658195,Leishmania infection,0.5472580379090183,False,Leishmania infection,215,34,1,10916,0.029411764705882353,0.004651162790697674,query_1,['REAC:R-HSA-9824443'],['CD3G'],[['REAC']]
REAC,REAC:R-HSA-2555396,Mitotic Metaphase and Anaphase,0.5663641819256706,False,Mitotic Metaphase and Anaphase,229,34,1,10916,0.029411764705882353,0.004366812227074236,query_1,['REAC:R-HSA-68886'],['RPS27'],[['REAC']]
REAC,REAC:R-HSA-68882,Mitotic Anaphase,0.5663641819256706,False,Mitotic Anaphase,228,34,1,10916,0.029411764705882353,0.0043859649122807015,query_1,['REAC:R-HSA-2555396'],['RPS27'],[['REAC']]
REAC,REAC:R-HSA-201681,TCF dependent signaling in response to WNT,0.5670243540612209,False,TCF dependent signaling in response to WNT,231,34,1,10916,0.029411764705882353,0.004329004329004329,query_1,['REAC:R-HSA-195721'],['TCF7'],[['REAC']]
REAC,REAC:R-HSA-1257604,PIP3 activates AKT signaling,0.6000036049550841,False,PIP3 activates AKT signaling,253,34,1,10916,0.029411764705882353,0.003952569169960474,query_1,['REAC:R-HSA-9006925'],['LCK'],[['REAC']]
REAC,REAC:R-HSA-112315,Transmission across Chemical Synapses,0.6064214813574258,False,Transmission across Chemical Synapses,259,34,1,10916,0.029411764705882353,0.003861003861003861,query_1,['REAC:R-HSA-112316'],['HSPA8'],[['REAC']]
REAC,REAC:R-HSA-72203,Processing of Capped Intron-Containing Pre-mRNA,0.6287880366866779,False,Processing of Capped Intron-Containing Pre-mRNA,276,34,1,10916,0.029411764705882353,0.0036231884057971015,query_1,['REAC:R-HSA-8953854'],['HSPA8'],[['REAC']]
REAC,REAC:R-HSA-69620,Cell Cycle Checkpoints,0.6425065400651406,False,Cell Cycle Checkpoints,289,34,1,10916,0.029411764705882353,0.0034602076124567475,query_1,['REAC:R-HSA-1640170'],['RPS27'],[['REAC']]
REAC,REAC:R-HSA-9006931,Signaling by Nuclear Receptors,0.6425065400651406,False,Signaling by Nuclear Receptors,290,34,1,10916,0.029411764705882353,0.0034482758620689655,query_1,['REAC:R-HSA-162582'],['ARL4C'],[['REAC']]
REAC,REAC:R-HSA-9006925,Intracellular signaling by second messengers,0.6435799002063639,False,Intracellular signaling by second messengers,293,34,1,10916,0.029411764705882353,0.0034129692832764505,query_1,['REAC:R-HSA-162582'],['LCK'],[['REAC']]
REAC,REAC:R-HSA-195721,Signaling by WNT,0.6840092867018157,False,Signaling by WNT,327,34,1,10916,0.029411764705882353,0.0030581039755351682,query_1,['REAC:R-HSA-162582'],['TCF7'],[['REAC']]
REAC,REAC:R-HSA-3700989,Transcriptional Regulation by TP53,0.7175387172579487,False,Transcriptional Regulation by TP53,359,34,1,10916,0.029411764705882353,0.002785515320334262,query_1,['REAC:R-HSA-212436'],['NPM1'],[['REAC']]
REAC,REAC:R-HSA-112316,Neuronal System,0.7559885661660217,False,Neuronal System,400,34,1,10916,0.029411764705882353,0.0025,query_1,['REAC:0000000'],['HSPA8'],[['REAC']]
REAC,REAC:R-HSA-68886,M Phase,0.7581669765161935,False,M Phase,406,34,1,10916,0.029411764705882353,0.0024630541871921183,query_1,['REAC:R-HSA-69278'],['RPS27'],[['REAC']]
REAC,REAC:R-HSA-212436,Generic Transcription Pathway,0.7874595314381344,False,Generic Transcription Pathway,1235,34,3,10916,0.08823529411764706,0.0024291497975708503,query_1,['REAC:R-HSA-73857'],"['TCF7', 'RORA', 'NPM1']","[['REAC'], ['REAC'], ['REAC']]"
REAC,REAC:R-HSA-6798695,Neutrophil degranulation,0.8092990331381876,False,Neutrophil degranulation,476,34,1,10916,0.029411764705882353,0.0021008403361344537,query_1,['REAC:R-HSA-168249'],['HSPA8'],[['REAC']]
REAC,REAC:R-HSA-9006934,Signaling by Receptor Tyrosine Kinases,0.8274065880118229,False,Signaling by Receptor Tyrosine Kinases,507,34,1,10916,0.029411764705882353,0.0019723865877712033,query_1,['REAC:R-HSA-162582'],['LCK'],[['REAC']]
REAC,REAC:R-HSA-73857,RNA Polymerase II Transcription,0.8341799391399742,False,RNA Polymerase II Transcription,1356,34,3,10916,0.08823529411764706,0.0022123893805309734,query_1,['REAC:R-HSA-74160'],"['TCF7', 'RORA', 'NPM1']","[['REAC'], ['REAC'], ['REAC']]"
REAC,REAC:R-HSA-69278,"Cell Cycle, Mitotic",0.8448620331498865,False,"Cell Cycle, Mitotic",547,34,1,10916,0.029411764705882353,0.0018281535648994515,query_1,['REAC:R-HSA-1640170'],['RPS27'],[['REAC']]
REAC,REAC:R-HSA-162582,Signal Transduction,0.8538406037402803,False,Signal Transduction,2548,34,6,10916,0.17647058823529413,0.002354788069073783,query_1,['REAC:0000000'],"['IL32', 'LCK', 'EVL', 'TCF7', 'ARL4C', 'RPS27']","[['REAC'], ['REAC'], ['REAC'], ['REAC'], ['REAC'], ['REAC']]"
REAC,REAC:R-HSA-597592,Post-translational protein modification,0.8558625914119,False,Post-translational protein modification,1440,34,3,10916,0.08823529411764706,0.0020833333333333333,query_1,['REAC:R-HSA-392499'],"['HSPA8', 'RORA', 'NPM1']","[['REAC'], ['REAC'], ['REAC']]"
REAC,REAC:R-HSA-74160,Gene expression (Transcription),0.8784190834909424,False,Gene expression (Transcription),1519,34,3,10916,0.08823529411764706,0.0019749835418038184,query_1,['REAC:0000000'],"['TCF7', 'RORA', 'NPM1']","[['REAC'], ['REAC'], ['REAC']]"
REAC,REAC:R-HSA-556833,Metabolism of lipids,0.9108627360972175,False,Metabolism of lipids,735,34,1,10916,0.029411764705882353,0.0013605442176870747,query_1,['REAC:R-HSA-1430728'],['RORA'],[['REAC']]
REAC,REAC:0000000,REACTOME root term,1.0,False,REACTOME root term,10916,34,34,10916,1.0,0.00311469402711616,query_1,[],"['CD3E', 'IL32', 'CD3D', 'LCK', 'RPS3', 'CD3G', 'IL7R', 'RPS29', 'LDHB', 'RPL3', 'EVL', 'RPS12', 'TCF7', 'ARL4C', 'RPS25', 'RPL23A', 'RPS27', 'RPSA', 'GZMM', 'RPS18', 'RPS21', 'CD2', 'NOSIP', 'HSPA8', 'ETS1', 'LAT', 'CD27', 'RORA', 'NPM1', 'AAK1', 'SYNE2', 'CTSW', 'GYPC', 'LTB']","[['REAC'], ['REAC'], ['REAC'], ['REAC'], ['REAC'], ['REAC'], ['REAC'], ['REAC'], ['REAC'], ['REAC'], ['REAC'], ['REAC'], ['REAC'], ['REAC'], ['REAC'], ['REAC'], ['REAC'], ['REAC'], ['REAC'], ['REAC'], ['REAC'], ['REAC'], ['REAC'], ['REAC'], ['REAC'], ['REAC'], ['REAC'], ['REAC'], ['REAC'], ['REAC'], ['REAC'], ['REAC'], ['REAC'], ['REAC']]"
